epoch,stage,train_loss,train_x_loss,train_z_loss,train_alt_x_loss,train_x_constraint_loss,eval_loss,eval_x_loss,eval_z_loss,eval_alt_x_loss,eval_selection_score,train_x_pair_mass_w1,train_x_pair_pt_w1,train_x_lepton_pt_w1,train_x_delta_phi_w1,train_x_delta_eta_w1,train_x_pair_rapidity_w1,train_x_physics_coord_swd,train_z_pair_mass_w1,train_z_pair_pt_w1,train_z_lepton_pt_w1,train_z_delta_phi_w1,train_z_delta_eta_w1,train_z_pair_rapidity_w1,train_z_physics_coord_swd
1,stage1_anchor_warmup,64.6269900004069,1.2061191219272036,16.98670140179721,11.247719759290868,0.0,10.288001605442592,0.895378828048706,5.406606946672712,6.458607878003802,10.288001605442592,1.6615929741299513,0.35774940500656766,0.4755477555321925,0.2818660941539389,0.32970216712265304,0.37466565355884307,1.2006179780671091,2.5377195129791894,0.4584617315593994,0.6847547629114353,0.32667066066554096,0.5692403063629613,0.4754688422562498,1.6429189224586342
10,stage1_anchor_warmup,5.753384973063613,0.4207002610871286,2.4850260190891498,2.6339919806429832,0.0,5.890664918082101,0.4171792226178305,2.045324921607971,4.438078675951276,5.890664918082101,0.49293477703450306,0.041399606581156455,0.11425733284065218,0.22247443901318492,0.0266666572936105,0.036637751004573976,0.05087319868757869,0.4371131389317187,0.0406701890328391,0.09937301391001904,0.1491504143923521,0.04103566773913123,0.10299280376145334,0.060186440999986546
