{
  "epoch": [
    1,
    10,
    20,
    30,
    40,
    50,
    51,
    70,
    90,
    100,
    101,
    120,
    140,
    150,
    151,
    160,
    170,
    180,
    190,
    200,
    201,
    210,
    220,
    230,
    240
  ],
  "stage": [
    "stage1_anchor_warmup",
    "stage1_anchor_warmup",
    "stage1_anchor_warmup",
    "stage1_anchor_warmup",
    "stage1_anchor_warmup",
    "stage1_anchor_warmup",
    "stage2_joint_transport",
    "stage2_joint_transport",
    "stage2_joint_transport",
    "stage2_joint_transport",
    "stage3_decoder_response_mass_protected",
    "stage3_decoder_response_mass_protected",
    "stage3_decoder_response_mass_protected",
    "stage3_decoder_response_mass_protected",
    "stage4_encoder_distribution_polish",
    "stage4_encoder_distribution_polish",
    "stage4_encoder_distribution_polish",
    "stage4_encoder_distribution_polish",
    "stage4_encoder_distribution_polish",
    "stage4_encoder_distribution_polish",
    "stage5_z_cycle_inverse_polish_gentle",
    "stage5_z_cycle_inverse_polish_gentle",
    "stage5_z_cycle_inverse_polish_gentle",
    "stage5_z_cycle_inverse_polish_gentle",
    "stage5_z_cycle_inverse_polish_gentle"
  ],
  "train_loss": [
    942.5990083643692,
    9.790951772334457,
    5.555991521806318,
    4.307176437668021,
    4.115006819424067,
    2.6096626370578666,
    5.704472036416086,
    0.6936418110426841,
    0.5373283464872338,
    0.49459866108549866,
    0.6341245668469273,
    0.4341842628477191,
    0.4103999107282878,
    0.40429589798241966,
    0.822853959105314,
    0.8117420070524904,
    0.8028054577316168,
    0.7984375364426878,
    0.784998571238137,
    0.789189540388013,
    1.929003877784816,
    1.5360033788608507,
    1.3812084034821832,
    1.2845000903416042,
    1.1980832719984162
  ],
  "train_x_loss": [
    819.6100050487446,
    4.5346236577958665,
    3.185909592606722,
    2.5922714179459634,
    2.6392690179012575,
    1.5800281613498586,
    4.715414941310883,
    0.3191057896886035,
    0.24140446363973073,
    0.22206199758406375,
    0.38509804673294606,
    0.19782659819370893,
    0.18437946856928417,
    0.17858038174108862,
    0.19182908132728968,
    0.18714328563485308,
    0.18640257066873542,
    0.1842159703657201,
    0.1839033240034553,
    0.1831504595483664,
    0.009173370328474659,
    0.09140145271563258,
    0.1270134627195819,
    0.13829187912859392,
    0.14126225076474164
  ],
  "train_z_loss": [
    25.121826931550927,
    3.4055488082392587,
    1.5935895660530932,
    1.1177529352699396,
    0.87529395311051,
    0.6383706483097584,
    0.7696400876280926,
    0.2827414446457257,
    0.21508234263372966,
    0.19465107756875766,
    0.19599845841130376,
    0.17558815729708727,
    0.1630222087463952,
    0.16016889216215438,
    0.15775621914704943,
    0.15614967991530668,
    0.1541007214965929,
    0.15355539112263306,
    0.1502738123044315,
    0.15150977025240547,
    0.6026506216580424,
    0.4629290027990087,
    0.4037824438551986,
    0.37001138540275197,
    0.3388432520424005
  ],
  "train_alt_x_loss": [
    26.404992816112795,
    0.506325689388772,
    0.2804751035265143,
    0.25332369304088587,
    0.29023561544518056,
    0.16172040279373923,
    0.21941697736316762,
    0.09179457975374429,
    0.08084154177187967,
    0.07788558548649227,
    0.08669844370321175,
    0.06688988215853053,
    0.06658275061403844,
    0.06750846574854942,
    0.0,
    0.0,
    0.0,
    0.0,
    0.0,
    0.0,
    "",
    "",
    "",
    "",
    ""
  ],
  "train_x_constraint_loss": [
    0.0,
    0.0,
    0.0,
    0.0,
    0.0,
    0.0,
    0.0,
    0.0,
    0.0,
    0.0,
    0.0,
    0.0,
    0.0,
    0.0,
    0.0,
    0.0,
    0.0,
    0.0,
    0.0,
    0.0,
    "",
    "",
    "",
    "",
    ""
  ],
  "eval_loss": [
    467.70432826450894,
    59.99900000435965,
    44.49145017351423,
    43.797467367989675,
    52.954869406563894,
    17.35187544141497,
    17.14270223890032,
    16.804660388401576,
    11.096934999738421,
    19.787934167044504,
    13.836241040910993,
    12.86770500455584,
    14.338314192635673,
    14.26931517464774,
    16.92135729108538,
    15.941291672842842,
    17.84891278403146,
    12.059531348092216,
    11.102058955601283,
    9.083391870771136,
    1.7560815811157227,
    1.4835008212498255,
    1.3116035631724767,
    1.2075766324996948,
    1.1474991185324532
  ],
  "eval_x_loss": [
    84.15855843680245,
    3.3702076503208707,
    2.4159442016056607,
    1.9002315657479423,
    1.3466642584119524,
    1.369520800454276,
    0.7717854380607605,
    1.2467099853924342,
    1.0835206721510207,
    0.6756971265588488,
    0.8261079064437321,
    0.5563044462885175,
    0.6089159846305847,
    1.2159496247768402,
    0.8022041746548244,
    0.7787629621369498,
    1.038276731967926,
    1.014970668724605,
    0.8207211494445801,
    0.9993336754185813,
    0.01898723468184471,
    0.09415914863348007,
    0.12617034784385137,
    0.13853806470121657,
    0.14162729680538177
  ],
  "eval_z_loss": [
    5.994001456669399,
    3.0974667072296143,
    1.6803037439073836,
    1.1360338074820382,
    0.8575860347066607,
    0.6205996956144061,
    0.5761979648045131,
    0.2721446135214397,
    0.19156775304249354,
    0.1687969778265272,
    0.172874601823943,
    0.15048934306417192,
    0.14742161333560944,
    0.14630340678351267,
    0.1359949835709163,
    0.13491385536534445,
    0.13383024505206517,
    0.13237220155341284,
    0.13654204245124543,
    0.13547839224338531,
    0.527632977281298,
    0.43267947009631563,
    0.3658455950873239,
    0.3282798784119742,
    0.30990512881960186
  ],
  "eval_alt_x_loss": [
    461.71033150809154,
    56.90153285435268,
    42.81114687238421,
    42.66143362862723,
    52.097282954624724,
    16.731275694710867,
    16.566503933497838,
    16.532515662057058,
    10.905367170061384,
    19.619136810302734,
    13.6633665902274,
    12.717215946742467,
    14.190892492021833,
    14.123011657169886,
    16.785362107413157,
    15.806377751486641,
    17.715082713535853,
    11.927159173148018,
    10.965516907828194,
    8.947913442339216,
    "",
    "",
    "",
    "",
    ""
  ]
}