{
  "epoch": [
    1,
    10,
    20,
    30,
    40,
    50,
    51,
    70,
    90,
    100,
    101,
    120,
    140,
    160,
    180,
    200
  ],
  "stage": [
    "stage1_anchor_warmup",
    "stage1_anchor_warmup",
    "stage1_anchor_warmup",
    "stage1_anchor_warmup",
    "stage1_anchor_warmup",
    "stage1_anchor_warmup",
    "stage2_joint_transport",
    "stage2_joint_transport",
    "stage2_joint_transport",
    "stage2_joint_transport",
    "stage3_decoder_response_mass_protected",
    "stage3_decoder_response_mass_protected",
    "stage3_decoder_response_mass_protected",
    "stage3_decoder_response_mass_protected",
    "stage3_decoder_response_mass_protected",
    "stage3_decoder_response_mass_protected"
  ],
  "train_loss": [
    14.930941836462274,
    2.221454435428286,
    1.4123583809957758,
    1.1893870751214117,
    1.1281059901070685,
    0.9092600753552107,
    0.7405327700163475,
    0.42370768554310384,
    0.365856434795793,
    0.36020247564569624,
    0.4623692275906697,
    0.3820643925848116,
    0.3716820331127471,
    0.36884150860880716,
    0.3605046588431746,
    0.36218831135746193
  ],
  "train_x_loss": [
    0.6014127666732657,
    0.20597412740323026,
    0.11900744176409543,
    0.08896327273700627,
    0.0771234444565646,
    0.06692848562797667,
    0.0627742427128576,
    0.038691673257844984,
    0.032053035482084345,
    0.0303673944843246,
    0.030779250646045454,
    0.029205491738004376,
    0.028440797014494812,
    0.02775524376746366,
    0.027386648559185035,
    0.02701740055398116
  ],
  "train_z_loss": [
    4.31923795063686,
    1.0729130975647119,
    0.5842022001743317,
    0.5836996140928776,
    0.5532466560148921,
    0.47416057939085215,
    0.37691146084337634,
    0.20696554324472813,
    0.1730112053822202,
    0.17117553263789348,
    0.18468684660617843,
    0.15252637829164134,
    0.14631830011370517,
    0.14678848914433795,
    0.14185717381791924,
    0.14462574001954082
  ],
  "train_alt_x_loss": [
    2.971028824269545,
    0.8487637395414562,
    0.6504744158724868,
    0.46474396179610783,
    0.4461487349788499,
    0.32089519903007113,
    0.3008470698171242,
    0.17805046817649,
    0.1607921940802168,
    0.15865954827559764,
    0.16870598670647624,
    0.13744908132140626,
    0.1350740645888187,
    0.1332325491161854,
    0.1311587768929086,
    0.13063243354454693
  ],
  "train_x_constraint_loss": [
    0.0,
    0.0,
    0.0,
    0.0,
    0.0,
    0.0,
    0.0,
    0.0,
    0.0,
    0.0,
    0.0,
    0.0,
    0.0,
    0.0,
    0.0,
    0.0
  ],
  "eval_loss": [
    1.6665590490613664,
    1.1656549317496163,
    1.3721543039594377,
    1.6914018392562866,
    0.7433052148137774,
    0.9222114341599601,
    0.31276160052844454,
    0.22536253929138184,
    0.22406756452151708,
    0.23532029560634068,
    0.2941280858857291,
    0.13758833599942072,
    0.1773647197655269,
    0.12806099653244019,
    0.1305465144770486,
    0.1309459347810064
  ],
  "eval_x_loss": [
    0.42385616472789217,
    0.19255712628364563,
    0.12287320090191704,
    0.08890839453254427,
    0.07581508904695511,
    0.06812750122376851,
    0.060571043086903434,
    0.039140606565134864,
    0.032614201839481084,
    0.031053939035960605,
    0.03159810762320246,
    0.030338035630328313,
    0.02874926264796938,
    0.02861604653298855,
    0.027946020077381815,
    0.027880828827619553
  ],
  "eval_z_loss": [
    1.0877679075513567,
    0.45928746461868286,
    0.5899660331862313,
    0.7196555989129203,
    0.44018185990197317,
    0.16308112229619706,
    0.22263500094413757,
    0.10377106389829091,
    0.14784120874745504,
    0.138241884963853,
    0.2703380158969334,
    0.08426045094217573,
    0.0817117126924651,
    0.07243025835071291,
    0.0773319953254291,
    0.07880908250808716
  ],
  "eval_alt_x_loss": [
    0.8203503063746861,
    0.805642306804657,
    0.9346034356525966,
    1.1698612485613142,
    0.42001491359301973,
    0.7944291489464896,
    0.14480289391108922,
    0.14489467867783137,
    0.11405587728534426,
    0.13234018747295653,
    0.09857185504266194,
    0.07253841789705413,
    0.11441666632890701,
    0.07163660547563008,
    0.07082491155181612,
    0.07020341179200582
  ],
  "eval_selection_score": [
    1.6665590490613664,
    1.1656549317496163,
    1.3721543039594377,
    1.6914018392562866,
    0.7433052148137774,
    0.9222114341599601,
    0.31276160052844454,
    0.22536253929138184,
    0.22406756452151708,
    0.23532029560634068,
    0.2941280858857291,
    0.13758833599942072,
    0.1773647197655269,
    0.12806099653244019,
    0.1305465144770486,
    0.1309459347810064
  ]
}