{
  "checkpoint": "/Users/ahrimarin/Desktop/otus_on_data/outputs/cms_doubleelectron/v5_mps/best_model.pt",
  "checkpoint_epoch": 160,
  "checkpoint_eval_loss": 0.12806099653244019,
  "data_cache": {
    "enabled": true,
    "hit": true,
    "key": "9bb63a1e38cf0cd9b9c2",
    "path": "/Users/ahrimarin/Desktop/otus_on_data/outputs/cms_doubleelectron/.plot_cache/selected_split_9bb63a1e38cf0cd9b9c2.npz"
  },
  "density": true,
  "device_report": {
    "cuda_available": false,
    "mps_available": true,
    "mps_built": true,
    "pytorch_enable_mps_fallback": null,
    "selected": "mps"
  },
  "has_scipy": true,
  "mass": {
    "x_from_z_mean": 90.6041259765625,
    "x_from_z_std": 5.848426342010498,
    "x_mean": 90.6326675415039,
    "x_reco_mean": 90.35247039794922,
    "x_reco_std": 4.879465103149414,
    "x_std": 5.866479396820068,
    "x_to_z_mean": 91.09664916992188,
    "x_to_z_std": 4.071701526641846,
    "z_mg5_mean": 91.09467315673828,
    "z_mg5_std": 4.036225318908691,
    "zspace_ks_pvalue": 0.05369786324869141,
    "zspace_ks_statistic": 0.00651068408707367
  },
  "observable_residuals": {
    "e_minus_E": {
      "chi2_ndf": 1548.5404517487596,
      "frac_within_1pct": 0.19230769230769232,
      "ks_pvalue": 0.057965497243491426,
      "ks_statistic": 0.006441452591270672,
      "mae_rel_residual": 0.03477491520256217,
      "max_abs_rel_residual": 0.19202281686221048,
      "median_stat_error": 0.033451114817127654,
      "rms_rel_residual": 0.05114426521460427,
      "total_bins": 27,
      "valid_bins": 26,
      "w1_distance": 0.3114245307944305
    },
    "e_minus_py": {
      "chi2_ndf": 1675.240109695243,
      "frac_within_1pct": 0.375,
      "ks_pvalue": 0.12767057305411422,
      "ks_statistic": 0.005677330927748497,
      "mae_rel_residual": 0.01773801643910827,
      "max_abs_rel_residual": 0.06355674213528226,
      "median_stat_error": 0.022870894835566702,
      "rms_rel_residual": 0.02284639628803559,
      "total_bins": 24,
      "valid_bins": 24,
      "w1_distance": 0.1950872272016747
    },
    "e_minus_pz": {
      "chi2_ndf": 1484.4528045928228,
      "frac_within_1pct": 0.18518518518518517,
      "ks_pvalue": 0.48941644691009445,
      "ks_statistic": 0.004037569078372938,
      "mae_rel_residual": 0.031291251620489416,
      "max_abs_rel_residual": 0.10630939891596292,
      "median_stat_error": 0.03359532099636003,
      "rms_rel_residual": 0.03967941387986776,
      "total_bins": 27,
      "valid_bins": 27,
      "w1_distance": 0.5173548166056264
    },
    "e_plus_E": {
      "chi2_ndf": 1547.421677976176,
      "frac_within_1pct": 0.2692307692307692,
      "ks_pvalue": 0.07791705534638371,
      "ks_statistic": 0.006166348301333002,
      "mae_rel_residual": 0.04929703076154694,
      "max_abs_rel_residual": 0.15638964291865617,
      "median_stat_error": 0.03423841846750398,
      "rms_rel_residual": 0.06622206271947072,
      "total_bins": 27,
      "valid_bins": 26,
      "w1_distance": 0.4245472852335827
    },
    "e_plus_py": {
      "chi2_ndf": 1676.5119319021746,
      "frac_within_1pct": 0.20833333333333334,
      "ks_pvalue": 0.3644713723895773,
      "ks_statistic": 0.004457081296918908,
      "mae_rel_residual": 0.028616165437618152,
      "max_abs_rel_residual": 0.0981658299430332,
      "median_stat_error": 0.022898089447912388,
      "rms_rel_residual": 0.03638848493948997,
      "total_bins": 24,
      "valid_bins": 24,
      "w1_distance": 0.18422756565391257
    },
    "e_plus_pz": {
      "chi2_ndf": 1485.872950601501,
      "frac_within_1pct": 0.1111111111111111,
      "ks_pvalue": 0.0743490879340577,
      "ks_statistic": 0.006210756902075204,
      "mae_rel_residual": 0.051465852491736096,
      "max_abs_rel_residual": 0.15496594708383216,
      "median_stat_error": 0.033845788800847515,
      "rms_rel_residual": 0.06633474208725886,
      "total_bins": 27,
      "valid_bins": 27,
      "w1_distance": 0.9656825616095916
    },
    "m_ee": {
      "chi2_ndf": 994.9976972547415,
      "frac_within_1pct": 0.1,
      "ks_pvalue": 0.686268512992035,
      "ks_statistic": 0.0034591461836233073,
      "mae_rel_residual": 0.06263131924552959,
      "max_abs_rel_residual": 0.4602713333868508,
      "median_stat_error": 0.05250315527430226,
      "rms_rel_residual": 0.1021231270053022,
      "total_bins": 40,
      "valid_bins": 40,
      "w1_distance": 0.052473133268851044
    },
    "pT_ee": {
      "chi2_ndf": 384.34551199878825,
      "frac_within_1pct": 0.1,
      "ks_pvalue": 0.02200379726890272,
      "ks_statistic": 0.007269786916494825,
      "mae_rel_residual": 0.08699125784760436,
      "max_abs_rel_residual": 0.6169613557329677,
      "median_stat_error": 0.08405592071898382,
      "rms_rel_residual": 0.1314759370773217,
      "total_bins": 100,
      "valid_bins": 100,
      "w1_distance": 0.2066400045948468
    },
    "zspace_mass": {
      "chi2_ndf": 2133.303664104339,
      "frac_within_1pct": 0.1,
      "ks_pvalue": 0.05369786324869141,
      "ks_statistic": 0.00651068408707367,
      "mae_rel_residual": 0.05672552063881474,
      "max_abs_rel_residual": 0.3530415501270857,
      "median_stat_error": 0.07413652228478207,
      "rms_rel_residual": 0.08785302716936755,
      "total_bins": 40,
      "valid_bins": 40,
      "w1_distance": 0.038299821004434444
    }
  },
  "pt": {
    "x_vs_reco_ks_pvalue": 0.0,
    "x_vs_reco_ks_statistic": 0.17027843055596875,
    "x_vs_zx_ks_pvalue": 0.02200379726890272,
    "x_vs_zx_ks_statistic": 0.007269786916494825
  },
  "shapes": {
    "x_from_z": [
      62394,
      8
    ],
    "x_plot": [
      134468,
      8
    ],
    "x_reco": [
      134468,
      8
    ],
    "z_encoded": [
      134468,
      8
    ],
    "z_plot": [
      62394,
      8
    ]
  },
  "split": "val",
  "thread_report": {
    "MKL_NUM_THREADS": "10",
    "NUMEXPR_NUM_THREADS": "10",
    "OMP_NUM_THREADS": "10",
    "OPENBLAS_NUM_THREADS": "10",
    "VECLIB_MAXIMUM_THREADS": "10",
    "requested_interop_threads": 10,
    "requested_threads": 10,
    "torch_num_interop_threads": 10,
    "torch_num_threads": 10
  },
  "xspace_mass_residual": {
    "x_to_z_to_x": {
      "chi2_ndf": 200.03747907051587,
      "frac_within_1pct": 0.025,
      "ks_pvalue": 1.1810868611560828e-263,
      "ks_statistic": 0.06710146651991555,
      "mae_rel_residual": 0.35141917869641875,
      "max_abs_rel_residual": 0.9387787098707486,
      "median_stat_error": 0.045163798666572705,
      "rms_rel_residual": 0.42439660350232933,
      "total_bins": 40,
      "valid_bins": 40,
      "w1_distance": 0.9158764933512846
    },
    "z_to_x": {
      "chi2_ndf": 994.9976972547415,
      "frac_within_1pct": 0.1,
      "ks_pvalue": 0.686268512992035,
      "ks_statistic": 0.0034591461836233073,
      "mae_rel_residual": 0.06263131924552959,
      "max_abs_rel_residual": 0.4602713333868508,
      "median_stat_error": 0.05250315527430226,
      "rms_rel_residual": 0.1021231270053022,
      "total_bins": 40,
      "valid_bins": 40,
      "w1_distance": 0.052473133268851044
    }
  },
  "zspace_component_residuals": {
    "z_component_00": {
      "chi2_ndf": 1054.3203427448175,
      "frac_within_1pct": 0.1875,
      "ks_pvalue": 0.13454894512142568,
      "ks_statistic": 0.005622843657594745,
      "mae_rel_residual": 0.05543849582143887,
      "max_abs_rel_residual": 0.3788153445035336,
      "median_stat_error": 0.04020112169646575,
      "rms_rel_residual": 0.08182222465414242,
      "total_bins": 80,
      "valid_bins": 80,
      "w1_distance": 0.2264667559082864
    },
    "z_component_01": {
      "chi2_ndf": 1053.9250339240452,
      "frac_within_1pct": 0.1625,
      "ks_pvalue": 0.06774123714440461,
      "ks_statistic": 0.006298008429465374,
      "mae_rel_residual": 0.05908509372135327,
      "max_abs_rel_residual": 0.2274472107095357,
      "median_stat_error": 0.040005628630012544,
      "rms_rel_residual": 0.07860056048852103,
      "total_bins": 80,
      "valid_bins": 80,