{
  "checkpoint": "/Users/ahrimarin/Desktop/otus_on_data/outputs/cms_doubleelectron/v5_mps/best_model.pt",
  "checkpoint_epoch": 160,
  "checkpoint_eval_loss": 0.12806099653244019,
  "density": true,
  "device_report": {
    "cuda_available": false,
    "mps_available": true,
    "mps_built": true,
    "pytorch_enable_mps_fallback": null,
    "selected": "mps"
  },
  "has_scipy": true,
  "mass": {
    "x_from_z_mean": 90.61618041992188,
    "x_from_z_std": 5.835954666137695,
    "x_mean": 90.63328552246094,
    "x_reco_mean": 90.34037780761719,
    "x_reco_std": 4.840831279754639,
    "x_std": 5.854138374328613,
    "x_to_z_mean": 91.0679702758789,
    "x_to_z_std": 4.110081195831299,
    "z_mg5_mean": 91.07438659667969,
    "z_mg5_std": 4.007553577423096,
    "zspace_ks_pvalue": 0.3716684324684928,
    "zspace_ks_statistic": 0.004430788882943348
  },
  "observable_residuals": {
    "e_minus_E": {
      "chi2_ndf": 1547.6252129333598,
      "frac_within_1pct": 0.2692307692307692,
      "ks_pvalue": 0.24603760926961527,
      "ks_statistic": 0.004952012276384678,
      "mae_rel_residual": 0.035303758385274886,
      "max_abs_rel_residual": 0.19749072882284718,
      "median_stat_error": 0.033606844318984544,
      "rms_rel_residual": 0.05790154885063649,
      "total_bins": 27,
      "valid_bins": 26,
      "w1_distance": 0.260056923673737
    },
    "e_minus_py": {
      "chi2_ndf": 1675.0630688292163,
      "frac_within_1pct": 0.25,
      "ks_pvalue": 0.178506442542819,
      "ks_statistic": 0.005319532654793457,
      "mae_rel_residual": 0.021700053115611448,
      "max_abs_rel_residual": 0.0589322995508416,
      "median_stat_error": 0.022773467380677728,
      "rms_rel_residual": 0.027050079757648407,
      "total_bins": 24,
      "valid_bins": 24,
      "w1_distance": 0.24564634560031762
    },
    "e_minus_pz": {
      "chi2_ndf": 1484.0499458360998,
      "frac_within_1pct": 0.07407407407407407,
      "ks_pvalue": 0.1823418280646364,
      "ks_statistic": 0.00529600423369514,
      "mae_rel_residual": 0.03044257807067287,
      "max_abs_rel_residual": 0.17808235511678994,
      "median_stat_error": 0.03371595291590875,
      "rms_rel_residual": 0.043966773322057354,
      "total_bins": 27,
      "valid_bins": 27,
      "w1_distance": 0.6582735000944264
    },
    "e_plus_E": {
      "chi2_ndf": 1547.0460619523808,
      "frac_within_1pct": 0.19230769230769232,
      "ks_pvalue": 0.655360426625162,
      "ks_statistic": 0.0035480421124102213,
      "mae_rel_residual": 0.03960822712803964,
      "max_abs_rel_residual": 0.11767428226592459,
      "median_stat_error": 0.03377735344884425,
      "rms_rel_residual": 0.04954921480761282,
      "total_bins": 27,
      "valid_bins": 26,
      "w1_distance": 0.31740457643429193
    },
    "e_plus_py": {
      "chi2_ndf": 1677.2873103297525,
      "frac_within_1pct": 0.3333333333333333,
      "ks_pvalue": 0.27004145596489204,
      "ks_statistic": 0.004839838221342624,
      "mae_rel_residual": 0.024421293596374776,
      "max_abs_rel_residual": 0.0716891409843399,
      "median_stat_error": 0.022795553226205162,
      "rms_rel_residual": 0.03166617472373051,
      "total_bins": 24,
      "valid_bins": 24,
      "w1_distance": 0.2162055627773383
    },
    "e_plus_pz": {
      "chi2_ndf": 1485.5473169365034,
      "frac_within_1pct": 0.2962962962962963,
      "ks_pvalue": 0.03710518790019657,
      "ks_statistic": 0.006835410968135114,
      "mae_rel_residual": 0.04150543147470584,
      "max_abs_rel_residual": 0.17477378851989198,
      "median_stat_error": 0.0335706225741067,
      "rms_rel_residual": 0.05722292845968423,
      "total_bins": 27,
      "valid_bins": 27,
      "w1_distance": 0.8618822245953496
    },
    "m_ee": {
      "chi2_ndf": 994.8009779167033,
      "frac_within_1pct": 0.125,
      "ks_pvalue": 0.7250745673754986,
      "ks_statistic": 0.0033464440146557806,
      "mae_rel_residual": 0.06359853276610139,
      "max_abs_rel_residual": 0.4993887680311229,
      "median_stat_error": 0.05210451204302389,
      "rms_rel_residual": 0.11088412322183179,
      "total_bins": 40,
      "valid_bins": 40,
      "w1_distance": 0.045750628202003055
    },
    "pT_ee": {
      "chi2_ndf": 383.16622859440764,
      "frac_within_1pct": 0.08,
      "ks_pvalue": 8.44411440424466e-05,
      "ks_statistic": 0.010866593680147585,
      "mae_rel_residual": 0.0807482679348484,
      "max_abs_rel_residual": 0.4271648127113618,
      "median_stat_error": 0.08419304979242359,
      "rms_rel_residual": 0.11152024570145751,
      "total_bins": 100,
      "valid_bins": 100,
      "w1_distance": 0.24584421921354427
    },
    "zspace_mass": {
      "chi2_ndf": 2137.5010330617542,
      "frac_within_1pct": 0.1,
      "ks_pvalue": 0.3716684324684928,
      "ks_statistic": 0.004430788882943348,
      "mae_rel_residual": 0.07777768427815364,
      "max_abs_rel_residual": 0.3885052657726521,
      "median_stat_error": 0.07603905499311742,
      "rms_rel_residual": 0.11849286056138868,
      "total_bins": 40,
      "valid_bins": 40,
      "w1_distance": 0.04632832680204747
    }
  },
  "pt": {
    "x_vs_reco_ks_pvalue": 0.0,
    "x_vs_reco_ks_statistic": 0.16919884880530078,
    "x_vs_zx_ks_pvalue": 8.44411440424466e-05,
    "x_vs_zx_ks_statistic": 0.010866593680147585
  },
  "shapes": {
    "x_from_z": [
      62395,
      8
    ],
    "x_plot": [
      134469,
      8
    ],
    "x_reco": [
      134469,
      8
    ],
    "z_encoded": [
      134469,
      8
    ],
    "z_plot": [
      62395,
      8
    ]
  },
  "split": "test",
  "xspace_mass_residual": {
    "x_to_z_to_x": {
      "chi2_ndf": 197.91397969072733,
      "frac_within_1pct": 0.025,
      "ks_pvalue": 1.7491504510308192e-272,
      "ks_statistic": 0.06821646624872646,
      "mae_rel_residual": 0.347929001213823,
      "max_abs_rel_residual": 0.9675242923577418,
      "median_stat_error": 0.04522732421545862,
      "rms_rel_residual": 0.4220408661123099,
      "total_bins": 40,
      "valid_bins": 40,
      "w1_distance": 0.9039296696012289
    },
    "z_to_x": {
      "chi2_ndf": 994.8009779167033,
      "frac_within_1pct": 0.125,
      "ks_pvalue": 0.7250745673754986,
      "ks_statistic": 0.0033464440146557806,
      "mae_rel_residual": 0.06359853276610139,
      "max_abs_rel_residual": 0.4993887680311229,
      "median_stat_error": 0.05210451204302389,
      "rms_rel_residual": 0.11088412322183179,
      "total_bins": 40,
      "valid_bins": 40,
      "w1_distance": 0.045750628202003055
    }
  },
  "zspace_component_residuals": {
    "z_component_00": {
      "chi2_ndf": 1050.156290070937,
      "frac_within_1pct": 0.125,
      "ks_pvalue": 0.7571155514032717,
      "ks_statistic": 0.0032514689675047226,
      "mae_rel_residual": 0.05738048122407805,
      "max_abs_rel_residual": 0.24397485108392378,
      "median_stat_error": 0.040065965849814957,
      "rms_rel_residual": 0.08125742645599573,
      "total_bins": 80,
      "valid_bins": 80,
      "w1_distance": 0.17558358069683674
    },
    "z_component_01": {
      "chi2_ndf": 1053.5259196831075,
      "frac_within_1pct": 0.125,
      "ks_pvalue": 0.3635624628870362,
      "ks_statistic": 0.004460425268237755,
      "mae_rel_residual": 0.05715321521025714,
      "max_abs_rel_residual": 0.29734660678724506,
      "median_stat_error": 0.04007314769470728,
      "rms_rel_residual": 0.08201432860028193,
      "total_bins": 80,
      "valid_bins": 80,
      "w1_distance": 0.183938288745624
    },
    "z_component_02": {
      "chi2_ndf": 1055.3422969718993,
      "frac_within_1pct": 0.1125,
      "ks_pvalue": 0.17315981108614864,
      "ks_statistic": 0.0053530044702170265,
      "mae_rel_residual": 0.06528467956650066,
      "max_abs_rel_residual": 0.3821577809497575,
      "median_stat_error": 0.05417768282027212,
      "rms_rel_residual": 0.09009540487248216,
      "total_bins": 80,
      "valid_bins": 80,
      "w1_distance": 0.8874223976493378
    },